{"cameraMode":{"drawMode":0,"name":"Shaded","section":"Shading Mode"},"sceneLighting":true,"audioPlay":false,"sceneViewState":{"m_AlwaysRefresh":false,"showFog":true,"showSkybox":true,"showFlares":true,"showImageEffects":true,"showParticleSystems":true,"showVisualEffectGraphs":true,"m_FxEnabled":true},"in2DMode":false,"pivot":{"x":-0.36433759331703188,"y":-0.2280111014842987,"z":0.551857054233551},"rotation":{"x":-0.0862857848405838,"y":-0.09737970679998398,"z":0.008475142531096936,"w":-0.991470217704773},"size":12.934355735778809,"orthographic":false}